100002.wav, S
100003.wav, S
100004.wav, S
100005.wav, S
100006.wav, S
100007.wav, S
100008.wav, S
100009.wav, S
100010.wav, S
100012.wav, S
100013.wav, S
100014.wav, S
100015.wav, S
100016.wav, S
100017.wav, S
100018.wav, S
100019.wav, S
100020.wav, S
100022.wav, S
100023.wav, S
100024.wav, S
100025.wav, S
100026.wav, S
100027.wav, S
100028.wav, S
100029.wav, S
100030.wav, S
100032.wav, S
100033.wav, S
100034.wav, S
100035.wav, S
100036.wav, S
100037.wav, S
100038.wav, S
100039.wav, S
100040.wav, S
100042.wav, S
100043.wav, S
100044.wav, S
100045.wav, S
100046.wav, S
100047.wav, S
100048.wav, S
100049.wav, S
100050.wav, S
100052.wav, S
100053.wav, S
100054.wav, S
100055.wav, S
100056.wav, S
100057.wav, S
100058.wav, S
100059.wav, S
100060.wav, S
100062.wav, S
100063.wav, S
100064.wav, S
100065.wav, S
100066.wav, S
100067.wav, S
100068.wav, S
100069.wav, S
100070.wav, S
100072.wav, S
100073.wav, S
100074.wav, S
100075.wav, S
100076.wav, S
100077.wav, S
100078.wav, S
100079.wav, S
100080.wav, S
100082.wav, S
100083.wav, S
100084.wav, S
100085.wav, S
100086.wav, S
100087.wav, S
100088.wav, S
100089.wav, S
100090.wav, S
100092.wav, S
100093.wav, S
100094.wav, S
100095.wav, S
100096.wav, S
100097.wav, S
100098.wav, S
100099.wav, S
100100.wav, S
100102.wav, S
100103.wav, S
100104.wav, S
100105.wav, S
100106.wav, S
100107.wav, S
100108.wav, S
100109.wav, S
100110.wav, S
100112.wav, S
100113.wav, S
100114.wav, S
100115.wav, S
100116.wav, S
100117.wav, S
100118.wav, S
100119.wav, S
100120.wav, S
100122.wav, S
100123.wav, S
100124.wav, S
100125.wav, S
100126.wav, S
100127.wav, S
100128.wav, S
100129.wav, S
100130.wav, S
100132.wav, S
100133.wav, S
100134.wav, S
100135.wav, S
100136.wav, S
100137.wav, S
100138.wav, S
100139.wav, S
100140.wav, S
100142.wav, S
100143.wav, S
100144.wav, S
100145.wav, S
100146.wav, S
100147.wav, S
100148.wav, S
100149.wav, S
100150.wav, S
100152.wav, S
100153.wav, S
100154.wav, S
100155.wav, S
100156.wav, S
100157.wav, S
100158.wav, S
100159.wav, S
100160.wav, S
100162.wav, S
