100002.wav, T
100003.wav, T
100004.wav, T
100005.wav, T
100006.wav, T
100007.wav, T
100008.wav, T
100009.wav, T
100010.wav, T
100012.wav, T
100013.wav, T
100014.wav, T
100015.wav, T
100016.wav, T
100017.wav, T
100018.wav, T
100019.wav, T
100020.wav, T
100022.wav, T
100023.wav, T
100024.wav, T
100025.wav, T
100026.wav, T
100027.wav, T
100028.wav, T
100029.wav, T
100030.wav, T
100032.wav, T
100033.wav, T
100034.wav, T
100035.wav, T
100036.wav, T
100037.wav, T
100038.wav, T
100039.wav, T
100040.wav, T
100042.wav, T
100043.wav, T
100044.wav, T
100045.wav, T
100046.wav, T
100047.wav, T
100048.wav, T
100049.wav, T
100050.wav, T
100052.wav, T
100053.wav, T
100054.wav, T
100055.wav, T
100056.wav, T
100057.wav, T
100058.wav, T
100059.wav, T
100060.wav, T
100062.wav, T
100063.wav, T
100064.wav, T
100065.wav, T
100066.wav, T
100067.wav, T
100068.wav, T
100069.wav, T
100070.wav, T
100072.wav, T
100073.wav, T
100074.wav, T
100075.wav, T
100076.wav, T
100077.wav, T
100078.wav, T
100079.wav, T
100080.wav, T
100082.wav, T
100083.wav, T
100084.wav, T
100085.wav, T
100086.wav, T
100087.wav, T
100088.wav, T
100089.wav, T
100090.wav, T
100092.wav, T
100093.wav, T
100094.wav, T
100095.wav, T
100096.wav, T
100097.wav, T
100098.wav, T
100099.wav, T
100100.wav, T
100102.wav, T
100103.wav, T
100104.wav, T
100105.wav, T
100106.wav, T
100107.wav, T
100108.wav, T
100109.wav, T
100110.wav, T
100112.wav, T
100113.wav, T
100114.wav, T
100115.wav, T
100116.wav, T
100117.wav, T
100118.wav, T
100119.wav, T
100120.wav, T
100122.wav, T
100123.wav, T
100124.wav, T
100125.wav, T
100126.wav, T
100127.wav, T
100128.wav, T
100129.wav, T
100130.wav, T
100132.wav, T
100133.wav, T
100134.wav, T
100135.wav, T
100136.wav, T
100137.wav, T
100138.wav, T
100139.wav, T
100140.wav, T
100142.wav, T
100143.wav, T
100144.wav, T
100145.wav, T
100146.wav, T
100147.wav, T
100148.wav, T
100149.wav, T
100150.wav, T
100152.wav, T
100153.wav, T
100154.wav, T
100155.wav, T
100156.wav, T
100157.wav, T
100158.wav, T
100159.wav, T
100160.wav, T
100162.wav, T
